,2023-09-25 17:06:05,Day1,Day3,Day5,Day7,Day10,Day14,Day21,Day28
0,ARKM/USDT:USDT,9.5192,9.505816666666666,9.496569999999998,9.488957142857142,9.479415000000003,9.470185714285714,9.459757142857141,9.453760714285718
1,RVN/USDT:USDT,8.8768,8.8987,8.91768,8.933635714285716,8.952355,8.970917857142856,8.992035714285715,9.00520178571429
2,BTC/USDT:USDT,6.778050000000001,6.714783333333334,6.662710000000001,6.619535714285713,6.568904999999999,6.518378571428572,6.4603261904761915,6.425433928571428
3,ZIL/USDT:USDT,-26.254449999999995,-23.166549999999997,-20.622499999999995,-18.51332142857143,-15.986635000000001,-13.489878571428571,-10.64774523809524,-8.921121428571428
4,BNB/BUSD:BUSD,-91.8632,-86.50864999999999,-82.09360999999998,-78.43432857142858,-74.04974000000001,-69.71865000000001,-64.78784761904761,-61.79215357142858
5,CHZ/USDT:USDT,10.698149999999998,10.721266666666665,10.739029999999998,10.753942857142858,10.77188,10.789660714285716,10.809388095238093,10.82185892857143
6,AR/USDT:USDT,11.04855,11.17265,11.275579999999998,11.360885714285713,11.463555,11.565025,11.68034761904762,11.750262499999998
7,TRX/BUSD:BUSD,-26.34205,-23.907499999999995,-21.90146,-20.238207142857142,-18.24635,-16.27847857142857,-14.037378571428572,-12.676058928571429
8,AGIX/BUSD:BUSD,10.85145,10.728566666666667,10.626610000000003,10.54172142857143,10.44046,10.340710714285715,10.227126190476186,10.158080357142856
9,NKN/USDT:USDT,10.990150000000002,11.04125,11.081399999999999,11.116335714285714,11.157685,11.19872142857143,11.245650000000001,11.27406785714286
10,PHB/USDT:USDT,2.9674500000000004,-0.43556666666666666,-3.2433899999999998,-5.570942857142857,-8.359960000000001,-11.114771428571428,-14.251164285714285,-16.1558125
11,WOO/USDT:USDT,9.782000000000002,9.657900000000001,9.55643,9.472792857142855,9.371739999999999,9.271782142857143,9.158023809523806,9.088630357142856
12,AMB/USDT:USDT,5.01145,5.316833333333333,5.567710000000001,5.775864285714286,6.026149999999999,6.273567857142857,6.5550523809523815,6.7260375
13,TRU/USDT:USDT,10.13605,9.499733333333332,8.97681,8.543085714285715,8.023430000000001,7.509614285714286,6.924919047619047,6.56947857142857
14,EGLD/USDT:USDT,-80.70879999999998,-72.41721666666666,-65.57955,-59.911621428571415,-53.121735,-46.41444285714286,-38.776730952380944,-34.13727678571429
15,NEAR/BUSD:BUSD,10.8551,10.73465,10.63537,10.553714285714287,10.454329999999999,10.356614285714285,10.24537619047619,10.177764285714286
16,RLC/USDT:USDT,10.950000000000001,10.950000000000001,10.950000000000001,10.950000000000003,10.950000000000003,10.950000000000001,10.950000000000003,10.950000000000001
17,CVX/BUSD:BUSD,10.950000000000001,10.950000000000001,10.950000000000001,10.950000000000003,10.950000000000003,10.950000000000001,10.950000000000003,10.950000000000001
18,SC/USDT:USDT,10.950000000000001,10.950000000000001,10.950000000000001,10.950000000000003,10.950000000000003,10.950000000000001,10.950000000000003,10.950000000000001
19,WAVES/BUSD:BUSD,10.950000000000001,10.950000000000001,10.950000000000001,10.950000000000003,10.950000000000003,10.950000000000001,10.950000000000003,10.950000000000001
20,ID/USDT:USDT,9.4827,9.509466666666667,9.529420000000002,9.546314285714287,9.566285000000004,9.586203571428571,9.60871190476191,9.622573214285714
21,SUI/USDT:USDT,9.537450000000002,8.993599999999997,8.545379999999998,8.173914285714284,7.728874999999999,7.2893107142857145,6.78882619047619,6.4844857142857135
22,KEY/USDT:USDT,10.950000000000001,10.950000000000001,10.950000000000001,10.950000000000003,10.950000000000003,10.950000000000001,10.950000000000003,10.950000000000001
23,ALICE/USDT:USDT,10.866050000000001,10.758983333333333,10.67041,10.597514285714286,10.510175000000002,10.423357142857144,10.32480714285714,10.264973214285714
24,KNC/USDT:USDT,10.85145,10.728566666666667,10.626610000000003,10.54172142857143,10.44046,10.340710714285715,10.227126190476186,10.158080357142856
25,SRM/USDT:USDT,10.950000000000001,10.950000000000001,10.950000000000001,10.950000000000003,10.950000000000003,10.950000000000001,10.950000000000003,10.950000000000001
26,JOE/USDT:USDT,10.950000000000001,10.950000000000001,10.950000000000001,10.950000000000003,10.950000000000003,10.950000000000001,10.950000000000003,10.950000000000001
27,FLOW/USDT:USDT,10.2492,10.188366666666667,10.138240000000001,10.096942857142858,10.048449999999999,10.000478571428573,9.945554761904765,9.9124875
28,TRB/USDT:USDT,10.73465,10.45725,10.228029999999999,10.03802142857143,9.810835,9.586985714285715,9.332007142857144,9.177273214285712
29,FTT/BUSD:BUSD,10.950000000000001,10.950000000000001,10.950000000000001,10.950000000000003,10.950000000000003,10.950000000000001,10.950000000000003,10.950000000000001
30,IOTA/USDT:USDT,10.9938,11.046116666666668,11.09016,11.126242857142856,11.170459999999999,11.213842857142858,11.263552380952381,11.293751785714283
31,MINA/USDT:USDT,9.526499999999999,9.256400000000001,9.03594,8.851771428571428,8.631884999999999,8.415335714285714,8.168526190476191,8.018267857142854
32,LEVER/USDT:USDT,9.935300000000002,9.829450000000001,9.744039999999998,9.673542857142857,9.589644999999999,9.506164285714288,9.411090476190473,9.353255357142858
33,GMX/USDT:USDT,10.17985,10.226083333333333,10.263069999999999,10.293521428571427,10.329864999999998,10.366,10.406845238095238,10.43183035714286
34,UNFI/USDT:USDT,11.070450000000001,11.220099999999999,11.34201,11.444835714285711,11.567579999999998,11.689125,11.827042857142859,11.911123214285716
35,GMT/USDT:USDT,10.02655,9.623833333333334,9.291440000000001,9.016021428571428,8.686269999999999,8.361107142857144,7.990371428571428,7.764983928571428
36,AGIX/USDT:USDT,9.5046,9.524066666666668,9.53964,9.553092857142857,9.569205,9.584899999999998,9.60297619047619,9.61396964285714
37,PHB/BUSD:BUSD,10.950000000000001,10.950000000000001,10.950000000000001,10.950000000000003,10.950000000000003,10.950000000000001,10.950000000000003,10.950000000000001
38,SEI/USDT:USDT,10.8186,10.644616666666666,10.502510000000001,10.384771428571428,10.244090000000002,10.104764285714285,9.946945238095237,9.850958928571428
39,GRT/USDT:USDT,10.84415,10.707883333333333,10.59668,10.503657142857143,10.392645000000002,10.282832142857144,10.15829761904762,10.082212500000002
40,BEL/USDT:USDT,-13.063350000000002,-16.725516666666667,-19.7465,-22.250400000000003,-25.251065000000004,-28.214760714285717,-31.58953333333333,-33.63944285714286
41,FTM/BUSD:BUSD,9.82215,9.7893,9.76156,9.739764285714287,9.713745000000001,9.688142857142859,9.658769047619048,9.64121428571429
42,EDU/USDT:USDT,4.30335,4.9043833333333335,5.4005399999999995,5.811321428571428,6.3035499999999995,6.789521428571429,7.342930952380953,7.678948214285713
43,HIGH/USDT:USDT,9.91705,10.010733333333333,10.08787,10.15169285714286,10.226935,10.302646428571428,10.388769047619046,10.441085714285713
44,SAND/USDT:USDT,10.260150000000001,10.319766666666666,10.370379999999999,10.412407142857143,10.462725,10.512521428571429,10.56935714285714,10.603641071428573
45,ICX/USDT:USDT,-31.9229,-30.617416666666667,-29.54018,-28.647285714285715,-27.577940000000005,-26.52168214285715,-25.31883333333333,-24.588225
46,RSR/USDT:USDT,11.037600000000001,11.150749999999999,11.244189999999998,11.32125714285714,11.41282,11.504017857142856,11.60786904761905,11.671135714285713
47,LINA/USDT:USDT,10.782099999999998,10.569183333333333,10.39447,10.248678571428568,10.073635,9.901146428571428,9.705002380952381,9.585812500000003
48,COMP/USDT:USDT,10.950000000000001,10.950000000000001,10.950000000000001,10.950000000000003,10.950000000000003,10.950000000000001,10.950000000000003,10.950000000000001
49,MKR/USDT:USDT,10.964599999999999,10.976766666666666,10.98869,10.998492857142857,11.010224999999998,11.021957142857143,11.034819047619045,11.04372678571428
50,BTCST/USDT:USDT,10.950000000000001,10.950000000000001,10.950000000000001,10.950000000000003,10.950000000000003,10.950000000000001,10.950000000000003,10.950000000000001
51,QNT/USDT:USDT,10.47185,9.864733333333335,9.363710000000001,8.947714285714287,8.450115,7.958825,7.398549999999999,7.0581875
52,ETH/BUSD:BUSD,6.296250000000001,6.274349999999999,6.2561,6.24097857142857,6.22252,6.204217857142857,6.183621428571429,6.170716071428572
53,LDO/BUSD:BUSD,10.964599999999999,10.979199999999997,10.991610000000001,11.002664285714285,11.015334999999999,11.02795357142857,11.04211904761904,11.051939285714285
54,XVS/USDT:USDT,-7.084649999999999,-5.481083333333333,-4.15881,-3.0628714285714285,-1.749445,-0.4515571428571428,1.0263452380952383,1.9240714285714282
55,T/USDT:USDT,-15.96145,-14.827516666666668,-13.893360000000001,-13.118621428571425,-12.190269999999996,-11.273807142857144,-10.229907142857144,-9.595980357142857
56,LPT/USDT:USDT,10.9719,10.9938,11.013509999999998,11.029257142857142,11.048549999999997,11.067582142857143,11.089221428571431,11.102648214285711
57,BTS/USDT:USDT,10.950000000000001,10.950000000000001,10.950000000000001,10.950000000000003,10.950000000000003,10.950000000000001,10.950000000000003,10.950000000000001
58,DOT/BUSD:BUSD,2.75575,2.965016666666667,3.13754,3.2808285714285708,3.4518050000000002,3.6210607142857145,3.8132071428571437,3.9303982142857135
59,HOT/USDT:USDT,11.085049999999999,11.260250000000001,11.40479,11.524092857142856,11.666495,11.806967857142858,11.967654761904763,12.065335714285712
60,IOTX/USDT:USDT,8.241700000000002,4.790016666666667,1.9447200000000002,-0.41401428571428606,-3.2397400000000007,-6.031103571428571,-9.209297619047621,-11.139539285714287
61,BTC/BUSD:BUSD,7.39125,7.422883333333332,7.44746,7.46737857142857,7.49126,7.515350000000001,7.542116666666666,7.558889285714287
62,PENDLE/USDT:USDT,10.599599999999999,10.606900000000001,10.61201,10.615242857142853,10.620405000000002,10.62384642857143,10.630364285714277,10.633623214285713
63,NEO/USDT:USDT,10.72005,10.425616666666668,10.18277,9.981707142857143,9.741119999999999,9.503035714285714,9.231892857142858,9.0675125
64,UNI/USDT:USDT,10.252849999999999,10.217566666666666,10.186419999999998,10.160557142857144,10.130210000000002,10.100332142857141,10.066178571428571,10.045712499999999
65,YGG/USDT:USDT,10.672600000000001,10.675033333333333,10.67552,10.675728571428575,10.675884999999996,10.675989285714284,10.676076190476193,10.676119642857145
66,LEVER/BUSD:BUSD,10.950000000000001,10.950000000000001,10.950000000000001,10.950000000000003,10.950000000000003,10.950000000000001,10.950000000000003,10.950000000000001
67,KLAY/USDT:USDT,10.950000000000001,10.950000000000001,10.950000000000001,10.950000000000003,10.950000000000003,10.950000000000001,10.950000000000003,10.950000000000001
68,ADA/USDT:USDT,10.409799999999999,10.308816666666667,10.228029999999999,10.159514285714286,10.078015,9.997349999999997,9.90557857142857,9.84991607142857
69,COCOS/USDT:USDT,10.950000000000001,10.947566666666669,10.94416,10.9427,10.941605,10.940875,10.937138095238092,10.934878571428571
70,AGLD/USDT:USDT,10.796700000000001,10.602033333333335,10.443380000000001,10.311249999999998,10.152109999999997,9.995264285714285,9.816240476190478,9.70756607142857
71,BAND/USDT:USDT,5.402,6.00425,6.502839999999999,6.915707142857142,7.410595000000001,7.899121428571429,8.455311904761905,8.793371428571428
72,OXT/USDT:USDT,9.267349999999999,8.818399999999999,8.44829,8.140542857142856,7.772674999999999,7.4084571428571415,6.994095238095239,6.742201785714287
73,CVC/USDT:USDT,10.950000000000001,10.950000000000001,10.950000000000001,10.950000000000003,10.950000000000003,10.950000000000001,10.950000000000003,10.950000000000001
74,SXP/USDT:USDT,-108.44150000000002,-104.81826666666667,-101.83135,-99.35508571428572,-96.38847000000001,-93.45772857142856,-90.12110714285714,-88.09418392857144
75,SOL/BUSD:BUSD,7.3365,7.5044,7.643100000000001,7.758335714285715,7.89641,8.033389285714284,8.189209523809525,8.283805357142855
76,UMA/USDT:USDT,10.906199999999998,10.8551,10.812029999999998,10.775842857142857,10.732459999999996,10.689807142857141,10.64131428571428,10.611983928571428
77,RAY/USDT:USDT,10.950000000000001,10.950000000000001,10.950000000000001,10.950000000000003,10.950000000000003,10.950000000000001,10.950000000000003,10.950000000000001
78,LINK/USDT:USDT,8.07015,8.210066666666666,8.32638,8.423678571428571,8.53954,8.653889285714286,8.784507142857143,8.863894642857144
79,BNX/USDT:USDT,10.9354,10.922016666666668,10.910580000000001,10.900464285714282,10.887949999999996,10.875957142857146,10.862226190476184,10.854057142857139
80,ALPHA/USDT:USDT,-7.5299499999999995,-5.808366666666666,-4.390219999999999,-3.213564285714286,-1.8045600000000002,-0.41297142857142854,1.17165,2.1344678571428575
81,FLM/USDT:USDT,11.12155,11.34055,11.520859999999999,11.670614285714285,11.849725000000003,12.026489285714288,12.228021428571427,12.350426785714287
82,AUDIO/USDT:USDT,2.1534999999999997,1.0195666666666667,0.08540999999999996,-0.68985,-1.6184100000000001,-2.534664285714286,-3.578390476190476,-4.212230357142857
83,FOOTBALL/USDT:USDT,-32.255050000000004,-30.511566666666667,-29.072250000000004,-27.878699999999995,-26.449360000000002,-25.037175,-23.429176190476195,-22.452453571428567
84,ANKR/USDT:USDT,9.632349999999999,9.85135,10.030199999999999,10.177764285714284,10.355414999999999,10.530249999999999,10.729435714285719,10.850798214285716
85,DYDX/USDT:USDT,10.8989,10.831983333333334,10.776259999999999,10.730478571428572,10.675520000000002,10.621239285714285,10.559449999999996,10.521776785714282
86,ASTR/USDT:USDT,10.950000000000001,10.950000000000001,10.950000000000001,10.950000000000003,10.950000000000003,10.950000000000001,10.950000000000003,10.950000000000001
87,ACH/USDT:USDT,9.442549999999999,8.963183333333333,8.56947,8.242742857142858,7.851515,7.464510714285714,7.0231214285714305,6.755628571428571
88,PERP/USDT:USDT,-10.059400000000002,-8.17965,-6.630590000000001,-5.346207142857142,-3.80695,-2.2867249999999997,-0.5558428571428572,0.4954875000000001
89,ZRX/USDT:USDT,10.548499999999999,10.042366666666666,9.62432,9.276735714285714,8.861469999999999,8.451053571428574,7.983071428571428,7.698632142857144
90,SOL/USDT:USDT,4.190200000000001,4.258333333333333,4.315029999999999,4.363314285714287,4.4201500000000005,4.476203571428572,4.539904761904761,4.578403571428573
91,LIT/USDT:USDT,11.081399999999999,11.250516666666666,11.390920000000001,11.507407142857142,11.646785,11.783764285714286,11.939845238095238,12.03457142857143
92,KSM/USDT:USDT,10.5777,10.610549999999998,10.63756,10.660607142857144,10.687930000000001,10.715617857142858,10.746816666666668,10.76554464285714
93,XVG/USDT:USDT,10.621500000000001,10.650700000000002,10.67552,10.695542857142856,10.720050000000002,10.744035714285713,10.771149999999997,10.788226785714286
94,ANC/BUSD:BUSD,10.950000000000001,10.950000000000001,10.950000000000001,10.950000000000003,10.950000000000003,10.950000000000001,10.950000000000003,10.950000000000001
95,SNX/USDT:USDT,10.37695,10.451166666666667,10.512,10.563100000000002,10.624055000000002,10.684071428571428,10.752726190476187,10.794614285714287
96,ARPA/USDT:USDT,10.9427,10.932966666666665,10.925180000000001,10.919235714285714,10.912040000000001,10.904114285714284,10.89559761904762,10.890035714285712
97,HBAR/USDT:USDT,8.2125,8.551950000000001,8.83227,9.065035714285715,9.344000000000001,9.619053571428571,9.93182380952381,10.121971428571428
98,WLD/USDT:USDT,-28.046599999999998,-27.107333333333333,-26.33256,-25.68974285714286,-24.920375000000003,-24.160132142857144,-23.293952380952383,-22.768048214285713
99,FIL/BUSD:BUSD,10.950000000000001,10.950000000000001,10.950000000000001,10.950000000000003,10.950000000000003,10.950000000000001,10.950000000000003,10.950000000000001
100,ONE/USDT:USDT,10.8843,10.794266666666667,10.72151,10.660607142857142,10.58719,10.515128571428571,10.433264285714289,10.383598214285715
101,STG/USDT:USDT,10.8697,10.876999999999999,10.883569999999999,10.88847142857143,10.893790000000003,10.900464285714282,10.906026190476194,10.910762499999999
102,MAV/USDT:USDT,8.697949999999999,8.711333333333334,8.7235,8.732885714285715,8.744669999999998,8.756089285714285,8.768690476190475,8.777467857142861
103,TRX/USDT:USDT,-19.81585,-18.705033333333333,-17.79083,-17.032985714285722,-16.125335,-15.22910357142857,-14.208233333333332,-13.588167857142857
104,XLM/USDT:USDT,1.54395,1.5463833333333334,1.5497900000000002,1.5512500000000002,1.5523449999999996,1.553075,1.5536833333333337,1.5539875
105,REEF/USDT:USDT,10.9719,11.00475,11.03249,11.054285714285715,11.081035,11.107210714285715,11.13719285714285,11.155573214285717
106,LUNA2/USDT:USDT,10.92445,10.889166666666666,10.86094,10.837892857142856,10.810204999999998,10.782882142857144,10.751857142857144,10.732955357142858
107,1000FLOKI/USDT:USDT,10.7237,10.441433333333334,10.206130000000002,10.010907142857143,9.777619999999999,9.546574999999999,9.283688095238093,9.124087500000002
108,MTL/USDT:USDT,-6.55905,-6.9642,-7.298540000000001,-7.5747928571428575,-7.905535,-8.232575,-8.605135714285716,-8.83156607142857
109,ENJ/USDT:USDT,10.950000000000001,10.950000000000001,10.950000000000001,10.950000000000003,10.950000000000003,10.950000000000001,10.950000000000003,10.950000000000001
110,ETH/USDT:USDT,5.391050000000001,5.374016666666667,5.3611200000000006,5.350900000000001,5.338489999999999,5.325871428571429,5.311619047619048,5.303189285714284
111,BTCDOM/USDT:USDT,15.6293,17.65383333333333,19.323099999999997,20.70645,22.364280000000004,24.00109642857143,25.865290476190477,26.997616071428567
112,APT/USDT:USDT,5.858250000000001,6.097933333333334,6.295520000000001,6.4594571428571435,6.65541,6.848703571428571,7.068833333333335,7.202492857142856
113,1000LUNC/USDT:USDT,10.9938,11.057066666666667,11.10841,11.15075,11.20112,11.25060357142857,11.307004761904762,11.341332142857146
114,1INCH/USDT:USDT,10.979200000000002,11.014483333333333,11.045630000000001,11.07097142857143,11.101474999999999,11.131457142857144,11.16569761904762,11.186207142857139
115,OMG/USDT:USDT,2.0841499999999997,0.8176000000000001,-0.22702999999999998,-1.092392857142857,-2.12941,-3.153339285714286,-4.320383333333333,-5.029308928571429
116,DAR/USDT:USDT,10.47915,10.572833333333334,10.64924,10.714314285714286,10.79159,10.868396428571428,10.955561904761902,11.008400000000002
117,HNT/USDT:USDT,10.950000000000001,10.950000000000001,10.950000000000001,10.950000000000003,10.950000000000003,10.950000000000001,10.950000000000003,10.950000000000001
118,XRP/BUSD:BUSD,-6.920399999999999,-6.479966666666666,-6.116669999999999,-5.817057142857143,-5.45748,-5.101657142857144,-4.697028571428571,-4.451305357142856
119,BNT/USDT:USDT,3.8544,4.2035833333333334,4.49242,4.732485714285715,5.019844999999999,5.303710714285715,5.627083333333335,5.823314285714285
120,DUSK/USDT:USDT,10.9281,10.897683333333333,10.872620000000001,10.851971428571428,10.826995,10.802696428571428,10.775147619047617,10.758635714285715
121,BLUR/USDT:USDT,10.8624,10.743166666666665,10.64486,10.564142857142858,10.467835,10.372517857142858,10.263973809523806,10.1981
122,RUNE/USDT:USDT,10.96095,10.974333333333334,10.985040000000001,10.994842857142858,11.006209999999998,11.017264285714285,11.029952380952382,11.037339285714287
123,YFI/USDT:USDT,10.7237,10.441433333333334,10.206130000000002,10.010907142857143,9.777619999999999,9.546574999999999,9.283688095238093,9.124087500000002
124,USDC/USDT:USDT,7.321899999999999,6.512816666666667,5.846570000000001,5.295107142857144,4.634040000000001,3.980325,3.235985714285714,2.7837767857142857
125,SUSHI/USDT:USDT,10.950000000000001,10.950000000000001,10.950000000000001,10.950000000000003,10.950000000000003,10.950000000000001,10.950000000000003,10.950000000000001
126,CFX/USDT:USDT,10.165249999999999,10.084950000000001,10.01633,9.959807142857144,9.891499999999999,9.824496428571429,9.748107142857144,9.701830357142859
127,IMX/USDT:USDT,11.012049999999999,11.151966666666668,11.265359999999998,11.360885714285716,11.4756,11.588489285714287,11.717369047619048,11.79549642857143
128,AUCTION/BUSD:BUSD,10.950000000000001,10.950000000000001,10.950000000000001,10.950000000000003,10.950000000000003,10.950000000000001,10.950000000000003,10.950000000000001
129,MATIC/BUSD:BUSD,-0.5402,-0.06570000000000002,0.32631,0.6512642857142856,1.04025,1.4242821428571428,1.862195238095238,2.1279500000000002
130,GALA/BUSD:BUSD,4.7523,5.178133333333332,5.531209999999999,5.823314285714286,6.17361,6.5194214285714285,6.912926190476191,7.152175000000001
131,RAD/USDT:USDT,10.78575,10.584999999999999,10.416369999999999,10.276314285714285,10.107944999999999,9.942599999999999,9.754016666666667,9.639519642857143
132,ANT/USDT:USDT,3.74125,2.819016666666667,2.0564100000000005,1.4245428571428569,0.6679499999999998,-0.07977857142857143,-0.93075,-1.4476160714285713
133,BLUEBIRD/USDT:USDT,-43.31455,-38.75448333333333,-34.992549999999994,-31.872321428571418,-28.13493,-24.443007142857144,-20.239597619047625,-17.686335714285715
134,MANA/USDT:USDT,8.800149999999999,8.618866666666667,8.468000000000002,8.343899999999998,8.194980000000001,8.04825,7.880697619047618,7.778932142857142
135,LINK/BUSD:BUSD,7.0371999999999995,7.40585,7.708799999999999,7.960128571428571,8.260679999999999,8.557425,8.89522380952381,9.1003625
136,FIL/USDT:USDT,8.471649999999999,8.337816666666665,8.225640000000002,8.134285714285713,8.023795,7.914764285714286,7.790664285714283,7.715187499999999
137,AVAX/BUSD:BUSD,10.950000000000001,10.950000000000001,10.950000000000001,10.950000000000003,10.950000000000003,10.950000000000001,10.950000000000003,10.950000000000001
138,GAL/BUSD:BUSD,10.950000000000001,10.950000000000001,10.950000000000001,10.950000000000003,10.950000000000003,10.950000000000001,10.950000000000003,10.950000000000001
139,JASMY/USDT:USDT,10.252849999999999,10.205400000000003,10.16525,10.1324,10.092615000000002,10.053924999999998,10.009516666666668,9.982489285714287
140,STX/USDT:USDT,10.58865,10.131183333333334,9.753529999999998,9.439942857142857,9.06441,8.693257142857144,8.27107380952381,8.014487500000001
141,OCEAN/USDT:USDT,10.632450000000002,10.547283333333333,10.477689999999999,10.421271428571428,10.353590000000002,10.286221428571428,10.209223809523808,10.162642857142858
142,FTT/USDT:USDT,10.950000000000001,10.950000000000001,10.950000000000001,10.950000000000003,10.950000000000003,10.950000000000001,10.950000000000003,10.950000000000001
143,ZEN/USDT:USDT,10.89525,10.829550000000001,10.77334,10.725264285714283,10.669315000000001,10.614200000000002,10.551454761904765,10.513042857142857
144,1000XEC/USDT:USDT,10.957299999999998,10.964599999999999,10.97117,10.976592857142858,10.982850000000001,10.989107142857142,10.996754761904759,11.001491071428568
145,IDEX/USDT:USDT,10.950000000000001,10.950000000000001,10.950000000000001,10.950000000000003,10.950000000000003,10.950000000000001,10.950000000000003,10.950000000000001
146,RNDR/USDT:USDT,-9.0082,-7.933883333333334,-7.047420000000001,-6.311892857142856,-5.4312,-4.560414285714287,-3.5698738095238087,-2.9678410714285715
147,FET/USDT:USDT,11.0522,11.17995,11.286529999999999,11.374964285714288,11.480344999999996,11.584839285714287,11.703290476190478,11.775551785714285
148,ONT/USDT:USDT,10.69085,10.353833333333336,10.078380000000001,9.85030714285714,9.576505000000001,9.306457142857143,8.998640476190477,8.81162142857143
149,ARB/USDT:USDT,6.204999999999999,6.385066666666666,6.53569,6.660728571428571,6.810170000000001,6.957942857142857,7.1258428571428585,7.228173214285713
150,KAVA/USDT:USDT,5.7816,5.905700000000001,6.00863,6.093935714285714,6.196969999999999,6.299117857142857,6.415309523809523,6.4856589285714294
151,GMT/BUSD:BUSD,10.950000000000001,10.950000000000001,10.950000000000001,10.950000000000003,10.950000000000003,10.950000000000001,10.950000000000003,10.950000000000001
152,DASH/USDT:USDT,10.9062,10.908633333333333,10.912040000000001,10.914542857142855,10.918609999999997,10.921321428571428,10.924450000000006,10.928100000000002
153,XTZ/USDT:USDT,10.964599999999999,10.980416666666667,10.995259999999998,11.006314285714287,11.020445,11.034210714285715,11.04976666666667,11.060282142857142
154,ATA/USDT:USDT,11.015699999999999,11.098433333333336,11.16681,11.22375,11.291275,11.357757142857142,11.43371190476191,11.479901785714283
155,1000LUNC/BUSD:BUSD,11.179949999999998,11.467083333333333,11.704819999999998,11.901085714285715,12.137345000000002,12.370892857142858,12.636821428571428,12.798333928571427
156,OP/USDT:USDT,0.219,1.0840500000000002,1.7994500000000002,2.3923142857142854,3.1025,3.8038214285714287,4.60265,5.087969642857142
157,ICP/USDT:USDT,7.675949999999999,7.525083333333334,7.40366,7.303650000000002,7.183564999999999,7.064575,6.929611904761906,6.847400000000001
158,NMR/USDT:USDT,7.8329,7.5822666666666665,7.374459999999999,7.203014285714285,6.997780000000001,6.794996428571429,6.5637428571428575,6.423478571428571
159,SKL/USDT:USDT,10.9719,10.999883333333333,11.021540000000003,11.039685714285714,11.062054999999999,11.084267857142859,11.109557142857144,11.124417857142857
160,OGN/USDT:USDT,11.0084,11.085049999999999,11.1471,11.198721428571428,11.260979999999998,11.322039285714286,11.392171428571425,11.434276785714287
161,AVAX/USDT:USDT,5.9276,5.780383333333335,5.656039999999999,5.553214285714286,5.430105,5.308403571428572,5.170485714285714,5.0866660714285725
162,LRC/USDT:USDT,10.271099999999999,10.328283333333333,10.3733,10.410842857142857,10.455790000000002,10.500007142857141,10.550238095238093,10.580698214285714
163,BAKE/USDT:USDT,10.40615,9.7163,9.146170000000001,8.673964285714288,8.108474999999999,7.5495035714285725,6.912578571428572,6.526069642857143
164,LDO/USDT:USDT,10.771149999999999,10.930533333333333,11.06461,11.174735714285715,11.30697,11.437275000000001,11.58544761904762,11.675437500000003
165,ATOM/USDT:USDT,-3.5076500000000004,-2.5708166666666665,-1.7958,-1.1549642857142857,-0.3861700000000001,0.3728214285714286,1.2373500000000002,1.7624285714285715
166,XEM/USDT:USDT,11.0522,11.183599999999998,11.29018,11.377571428571429,11.483994999999998,11.589010714285713,11.708504761904758,11.7812875
167,WAVES/USDT:USDT,10.920799999999998,10.885516666666668,10.85656,10.832157142857142,10.803269999999998,10.774278571428571,10.741428571428568,10.721744642857145
168,CELO/USDT:USDT,10.953650000000001,10.959733333333332,10.9646,10.968771428571431,10.972994999999997,10.978417857142857,10.983545238095244,10.98610892857143
169,TOMO/USDT:USDT,9.5484,9.763749999999998,9.941869999999998,10.088600000000001,10.263800000000002,10.43769642857143,10.635230952380951,10.755507142857143
170,AMB/BUSD:BUSD,10.950000000000001,10.950000000000001,10.950000000000001,10.950000000000003,10.950000000000003,10.950000000000001,10.950000000000003,10.950000000000001
171,ROSE/USDT:USDT,10.47915,10.509566666666666,10.534630000000002,10.556321428571426,10.581715000000003,10.6069,10.635752380952376,10.653698214285715
172,GALA/USDT:USDT,5.29615,5.771866666666668,6.167040000000001,6.4943928571428575,6.88609,7.273407142857143,7.714883333333335,7.982549999999999
173,SSV/USDT:USDT,10.950000000000001,10.950000000000001,10.950000000000001,10.950000000000003,10.950000000000003,10.950000000000001,10.950000000000003,10.950000000000001
174,APT/BUSD:BUSD,10.05575,9.819716666666665,9.62286,9.459757142857143,9.264795,9.072335714285714,8.853335714285715,8.72037142857143
175,GTC/USDT:USDT,11.09965,11.2931,11.452969999999999,11.585621428571427,11.744240000000001,11.900825,12.078719047619046,12.186958928571428
176,BCH/USDT:USDT,-8.63955,-9.367116666666666,-9.967420000000002,-10.465592857142857,-11.062420000000001,-11.651582142857144,-12.32274761904762,-12.730157142857143
177,LQTY/USDT:USDT,2.0330500000000002,2.31045,2.5404000000000004,2.730721428571429,2.9601500000000005,3.18645,3.4440357142857136,3.600333928571429
178,REN/USDT:USDT,11.004750000000001,11.076533333333334,11.13469,11.183078571428572,11.24054,11.297532142857142,11.362102380952381,11.401166071428571
179,DODOX/USDT:USDT,5.15745,5.097833333333333,5.047219999999999,5.005192857142857,4.955969999999999,4.906903571428572,4.8506761904761895,4.816435714285716
180,BNB/USDT:USDT,-93.4619,-87.99298333333334,-83.48207000000001,-79.74311428571428,-75.26299999999999,-70.83815714285716,-65.79924523809524,-62.738416071428574
181,TLM/BUSD:BUSD,10.950000000000001,10.950000000000001,10.950000000000001,10.950000000000003,10.950000000000003,10.950000000000001,10.950000000000003,10.950000000000001
182,XRP/USDT:USDT,-5.3435999999999995,-5.168399999999999,-5.025319999999999,-4.907164285714285,-4.766170000000002,-4.6266357142857135,-4.467252380952381,-4.370614285714286
183,XMR/USDT:USDT,6.172150000000001,6.2524500000000005,6.318880000000001,6.3729,6.437869999999998,6.50299642857143,6.577299999999999,6.622403571428571
184,STMX/USDT:USDT,-6.44225,-6.032233333333333,-5.694,-5.413992857142857,-5.078245000000001,-4.746824999999999,-4.36905,-4.140012500000001
185,LTC/BUSD:BUSD,8.176,8.29645,8.396460000000001,8.479992857142856,8.579325,8.677875,8.789895238095237,8.858028571428571
186,DOT/USDT:USDT,4.734049999999999,4.3727,4.07778,3.833021428571428,3.5401350000000007,3.250585714285714,2.9210428571428575,2.720944642857143
187,DEFI/USDT:USDT,8.90235,8.661449999999999,8.46435,8.301664285714283,8.10665,7.913982142857143,7.6941999999999995,7.560844642857142
188,RDNT/USDT:USDT,8.41325,7.257416666666667,6.30428,5.514107142857142,4.56761,3.633053571428571,2.568383333333333,1.921594642857143
189,INJ/USDT:USDT,-93.13705,-86.26166666666666,-80.59126999999997,-75.89132142857142,-70.260675,-64.69833571428572,-58.36471666666667,-54.51770357142857
190,COMBO/USDT:USDT,10.45725,10.451166666666667,10.444840000000001,10.440042857142856,10.434985,10.428832142857143,10.423704761904766,10.419055357142854
191,CYBER/USDT:USDT,10.636099999999999,10.619066666666667,10.604709999999999,10.592821428571428,10.579525000000002,10.566489285714287,10.551976190476193,10.541982142857146
192,ENS/USDT:USDT,10.8551,10.737083333333333,10.63829,10.55632142857143,10.459074999999997,10.36287142857143,10.25302380952381,10.1862375
193,IOST/USDT:USDT,10.79305,10.58865,10.42294,10.284657142857142,10.119625000000001,9.956417857142856,9.770007142857141,9.6569875
194,PEOPLE/USDT:USDT,10.9354,10.9135,10.89671,10.883257142857142,10.866779999999999,10.850667857142858,10.831809523809525,10.820294642857144
195,THETA/USDT:USDT,10.9135,10.870916666666668,10.83539,10.806085714285713,10.77042,10.735171428571428,10.695195238095238,10.671166071428571
196,DOGE/USDT:USDT,8.157750000000002,8.005666666666666,7.88035,7.776064285714286,7.650765000000001,7.528385714285715,7.388469047619048,7.303128571428572
197,ETC/BUSD:BUSD,10.698150000000002,10.372083333333332,10.103929999999998,9.882635714285714,9.617384999999997,9.355210714285715,9.057214285714286,8.876017857142859
198,BAT/USDT:USDT,10.906199999999998,10.851449999999998,10.805459999999998,10.767499999999998,10.721875,10.677032142857145,10.626019047619055,10.595167857142856
199,1000SHIB/USDT:USDT,8.2636,8.371883333333335,8.46435,8.53995714285714,8.630790000000003,8.720371428571427,8.822049999999999,8.88370892857143
200,ADA/BUSD:BUSD,4.2267,4.326466666666667,4.4092,4.476464285714285,4.557390000000001,4.637325000000001,4.728488095238096,4.783976785714285
201,MASK/USDT:USDT,-3.44195,-2.8762,-2.41046,-2.025228571428571,-1.5629299999999997,-1.1069928571428571,-0.5883452380952381,-0.27309821428571424
202,CTK/USDT:USDT,8.94615,9.235716666666667,9.47321,9.669892857142857,9.905369999999998,10.138396428571427,10.40319523809524,10.564012499999995
203,GAL/USDT:USDT,10.727350000000001,10.743166666666665,10.754359999999998,10.76437142857143,10.77553,10.786792857142856,10.799654761904755,10.807128571428569
204,MAGIC/USDT:USDT,10.5777,10.604466666666667,10.62442,10.641314285714286,10.661285000000003,10.68120357142857,10.70371190476191,10.717573214285713
205,DENT/USDT:USDT,11.015699999999999,11.108166666666667,11.182870000000001,11.244085714285715,11.316825,11.38930357142857,11.471776190476191,11.521876785714284
206,AXS/USDT:USDT,-9.43525,-9.277083333333334,-9.1469,-9.038442857142856,-8.907824999999999,-8.779292857142858,-8.632597619047617,-8.543346428571425
207,STORJ/USDT:USDT,10.7894,10.587433333333333,10.42221,10.283614285714288,10.117435,9.953289285714286,9.766878571428567,9.653598214285713
208,ETC/USDT:USDT,7.36935,7.279316666666667,7.20729,7.147742857142857,7.076620000000001,7.005914285714285,6.925788095238095,6.876991071428574
209,CHR/USDT:USDT,11.001100000000001,11.068016666666667,11.12301,11.169,11.223384999999999,11.277196428571429,11.33846428571429,11.375485714285713
210,CVX/USDT:USDT,10.964599999999999,10.986499999999998,11.003290000000002,11.016742857142855,11.033220000000002,11.049332142857143,11.068190476190477,11.079705357142853
211,LTC/USDT:USDT,6.43495,6.509166666666666,6.57,6.620578571428571,6.681325000000001,6.74102857142857,6.808988095238095,6.850007142857144
212,TLM/USDT:USDT,11.004750000000001,11.072883333333335,11.12958,11.17682142857143,11.232875000000003,11.288407142857144,11.351673809523808,11.389955357142856
213,EOS/USDT:USDT,10.89525,10.829550000000001,10.77334,10.725264285714283,10.669315000000001,10.614200000000002,10.551454761904765,10.513042857142857
214,FTM/USDT:USDT,10.6434,10.65435,10.66311,10.671035714285711,10.680265,10.689285714285715,10.699540476190473,10.705449999999999
215,SFP/USDT:USDT,10.9281,10.90498333333333,10.884299999999998,10.867614285714286,10.846705,10.82642142857143,10.803304761904768,10.789139285714283
216,1000PEPE/USDT:USDT,8.8987,8.860983333333332,8.828619999999999,8.801714285714285,8.769854999999998,8.738360714285713,8.702295238095237,8.680742857142857
217,ETH/BTC:BTC,0.0,0.0,0.0,0.0,0.0,0.0,0.0,0.0
218,CRV/USDT:USDT,3.94565,3.4967,3.126590000000001,2.8204071428571433,2.45353,2.0911892857142855,1.6781309523809524,1.4274107142857142
219,HFT/USDT:USDT,6.759799999999999,6.427649999999999,6.1524399999999995,5.924992857142858,5.652755,5.384010714285714,5.077845238095239,4.891651785714285
220,VET/USDT:USDT,10.67625,10.323416666666667,10.031659999999999,9.790342857142857,9.502045,9.217032142857143,8.892616666666665,8.695733928571428
221,COTI/USDT:USDT,7.8548,7.347449999999999,6.9298899999999986,6.583557142857144,6.168135,5.7586571428571425,5.291978571428571,5.008582142857142
222,NEAR/USDT:USDT,7.785450000000001,7.8986,7.992039999999999,8.068585714285714,8.160305,8.251085714285717,8.354154761904763,8.416900000000002
223,API3/USDT:USDT,11.037600000000001,11.150749999999999,11.244189999999998,11.32125714285714,11.41282,11.504017857142856,11.60786904761905,11.671135714285713
224,AAVE/USDT:USDT,10.950000000000001,10.950000000000001,10.950000000000001,10.950000000000003,10.950000000000003,10.950000000000001,10.950000000000003,10.950000000000001
225,DODO/BUSD:BUSD,11.20915,11.533999999999999,11.804100000000002,12.027792857142856,12.296485,12.561475,12.86312142857143,13.046403571428572
226,SAND/BUSD:BUSD,10.950000000000001,10.950000000000001,10.950000000000001,10.950000000000003,10.950000000000003,10.950000000000001,10.950000000000003,10.950000000000001
227,FXS/USDT:USDT,10.950000000000001,10.950000000000001,10.950000000000001,10.950000000000003,10.950000000000003,10.950000000000001,10.950000000000003,10.950000000000001
228,1000SHIB/BUSD:BUSD,8.8184,9.050783333333333,9.24107,9.398750000000001,9.588185,9.774439285714285,9.986573809523806,10.115844642857144
229,ZEC/USDT:USDT,10.774799999999999,10.741950000000001,10.71275,10.688242857142855,10.659460000000001,10.630885714285714,10.598383333333334,10.578873214285718
230,DGB/USDT:USDT,11.0522,11.183599999999998,11.29091,11.379657142857145,11.486550000000001,11.59187857142857,11.71145952380952,11.784285714285717
231,MDT/USDT:USDT,10.40615,9.713866666666668,9.14106,8.666664285714287,8.098985,7.538032142857142,6.899890476190475,6.5117303571428575
232,BLZ/USDT:USDT,11.0084,11.085049999999999,11.146370000000001,11.19767857142857,11.259519999999998,11.320735714285716,11.389911904761904,11.432060714285715
233,QTUM/USDT:USDT,10.950000000000001,10.950000000000001,10.950000000000001,10.950000000000003,10.950000000000003,10.950000000000001,10.950000000000003,10.950000000000001
234,DOGE/BUSD:BUSD,6.132,6.1247,6.121779999999999,6.118442857142857,6.11594,6.112446428571428,6.108014285714288,6.105798214285715
235,APE/USDT:USDT,-36.2007,-34.78571666666666,-33.616499999999995,-32.64820714285713,-31.488185,-30.34166785714286,-29.036619047619045,-28.2437
236,HOOK/USDT:USDT,10.756550000000002,10.513216666666668,10.312710000000003,10.14647857142857,9.94698,9.749671428571428,9.525283333333334,9.388842857142857
237,SPELL/USDT:USDT,10.46455,10.716399999999998,10.92518,11.097564285714286,11.303685,11.507667857142858,11.740659523809525,11.881923214285717
238,CELR/USDT:USDT,-0.6716,-0.38203333333333334,-0.14307999999999998,0.05527142857142857,0.29272999999999993,0.5266428571428572,0.7936142857142857,0.955648214285714
239,CKB/USDT:USDT,10.65435,10.65435,10.654349999999999,10.654349999999997,10.65435,10.654350000000003,10.654350000000003,10.654350000000003
240,APE/BUSD:BUSD,-38.00015,-35.63981666666666,-33.69169,-32.07724285714287,-30.142430000000008,-28.232228571428575,-26.056480952380944,-24.73474642857143
241,UNI/BUSD:BUSD,10.950000000000001,10.950000000000001,10.950000000000001,10.950000000000003,10.950000000000003,10.950000000000001,10.950000000000003,10.950000000000001
242,ALGO/USDT:USDT,10.964599999999999,10.979199999999997,10.99307,11.004228571428571,11.017159999999999,11.030560714285714,11.045595238095242,11.054546428571431
243,BAL/USDT:USDT,11.0084,11.085049999999999,11.146370000000001,11.19767857142857,11.259519999999998,11.320735714285716,11.389911904761904,11.432060714285715
244,CTSI/USDT:USDT,8.285499999999999,8.685783333333333,9.018419999999999,9.293942857142858,9.623225,9.948075000000001,10.318723809523808,10.543937499999997
245,C98/USDT:USDT,10.9719,10.995016666666665,11.015699999999997,11.032385714285715,11.053294999999999,11.073578571428573,11.096695238095235,11.110860714285716
246,MATIC/USDT:USDT,-6.175799999999999,-5.737799999999999,-5.37791,-5.079235714285714,-4.72091,-4.366442857142857,-3.963030952380952,-3.718176785714286
247,BTC/USD:BTC,3.2558000000000002,3.6062000000000003,3.8952800000000005,4.134928571428571,4.422704999999999,4.705892857142857,5.028657142857142,5.224844642857143
248,ETH/USD:ETH,6.60285,6.6138,6.622559999999999,6.629964285714287,6.638620000000002,6.647171428571429,6.65742619047619,6.662944642857142
249,LINK/USD:LINK,6.756149999999999,6.99705,7.195609999999999,7.361007142857142,7.55915,7.754425000000001,7.976119047619049,8.110951785714285
250,TRX/USD:TRX,-22.031399999999998,-20.223433333333332,-18.72961,-17.4908,-16.006709999999998,-14.540296428571429,-12.871290476190477,-11.857285714285714
251,DOT/USD:DOT,6.989750000000001,6.980016666666666,6.97223,6.966285714285713,6.959090000000003,6.9511642857142855,6.942647619047618,6.937085714285714
252,ADA/USD:ADA,6.2342,5.998166666666667,5.801310000000001,5.6382071428571425,5.44288,5.250003571428571,5.030047619047618,4.896605357142856
253,EOS/USD:EOS,8.1541,8.40595,8.61473,8.787114285714285,8.995059999999999,9.200085714285716,9.432990476190477,9.574471428571428
254,LTC/USD:LTC,7.226999999999999,6.636916666666666,6.15171,5.749271428571428,5.266949999999999,4.7906249999999995,4.2486,3.919317857142857
255,BCH/USD:BCH,-18.2646,-17.955566666666662,-17.70177,-17.4908,-17.238585,-16.98996785714286,-16.70691904761905,-16.53489107142857
256,XRP/USD:XRP,-4.25225,-3.344616666666667,-2.59661,-1.9762142857142853,-1.2340650000000002,-0.500832142857143,0.3340619047619047,0.8415857142857142
257,ETC/USD:ETC,6.1903999999999995,5.5005500000000005,4.93115,4.459778571428571,3.89528,3.337142857142857,2.7025642857142858,2.3172285714285716
258,FIL/USD:FIL,9.303849999999999,9.451066666666666,9.57468,9.67615,9.79806,9.918614285714286,10.05592380952381,10.139308928571426
259,EGLD/USD:EGLD,-58.699299999999994,-52.46875,-47.32955000000001,-43.07000000000001,-37.96657,-32.92586785714286,-27.186069047619043,-23.699058928571425
260,DOGE/USD:DOGE,5.088100000000001,5.13555,5.1727799999999995,5.205942857142858,5.245050000000001,5.283896428571428,5.328304761904763,5.355201785714285
261,UNI/USD:UNI,9.3294,9.474183333333333,9.593660000000002,9.693878571428572,9.81412,9.932953571428571,10.068264285714283,10.150389285714285
262,THETA/USD:THETA,6.4386,6.084549999999999,5.79109,5.548,5.257095,4.970257142857142,4.643495238095239,4.4451785714285705
263,XLM/USD:XLM,0.9782,1.7994499999999995,2.4790799999999997,3.0414928571428574,3.716065,4.382085714285713,5.140416666666667,5.601055357142856
264,SOL/USD:SOL,6.05535,6.222033333333333,6.357570000000001,6.470407142857142,6.606135,6.739725000000001,6.8918952380952385,6.9841446428571405
265,FTM/USD:FTM,7.719750000000001,7.9205000000000005,8.08475,8.219800000000001,8.38259,8.54334642857143,8.726280952380954,8.837301785714285
266,SAND/USD:SAND,10.79305,10.750466666666668,10.714210000000001,10.684592857142858,10.648874999999999,10.613939285714284,10.574223809523813,10.550324999999997
267,MANA/USD:MANA,10.1689,10.224866666666667,10.2711,10.310207142857143,10.357240000000001,10.403542857142856,10.456207142857146,10.48814464285714
268,AVAX/USD:AVAX,8.51545,8.714983333333333,8.880450000000002,9.01654285714286,9.180114999999999,9.341653571428573,9.52597857142857,9.637694642857145
269,MATIC/USD:MATIC,2.13525,2.884716666666667,3.5032699999999997,4.016042857142858,4.630754999999999,5.237749999999999,5.928816666666666,6.34878392857143
270,NEAR/USD:NEAR,10.964599999999999,10.979199999999997,10.99307,11.004228571428571,11.017159999999999,11.030560714285714,11.045595238095242,11.054546428571431
271,ATOM/USD:ATOM,-4.0588,-3.0002999999999997,-2.12795,-1.4047285714285715,-0.5380100000000001,0.31885357142857135,1.2934904761904764,1.8857464285714278
272,AAVE/USD:AAVE,9.73455,9.845266666666666,9.9353,10.010385714285713,10.100645000000002,10.18949642857143,10.290740476190482,10.352051785714288
273,AXS/USD:AXS,-12.519499999999999,-11.883183333333333,-11.3588,-10.923407142857142,-10.401769999999997,-9.88732857142857,-9.30089523809524,-8.944716071428573
274,ROSE/USD:ROSE,10.840499999999999,10.698150000000002,10.58281,10.486450000000001,10.371110000000002,10.257282142857145,10.127185714285716,10.048319642857145
275,XTZ/USD:XTZ,10.52295,10.381816666666666,10.265989999999997,10.170464285714285,10.05575,9.941817857142858,9.812242857142857,9.7336375
276,ICX/USD:ICX,-24.695899999999998,-24.0462,-23.51038,-23.065914285714282,-22.53364,-22.008457142857143,-21.409683333333337,-21.04603035714286
277,ALGO/USD:ALGO,7.438699999999999,7.7562500000000005,8.018320000000001,8.235442857142857,8.495375000000001,8.751917857142859,9.044178571428573,9.221725
278,RUNE/USD:RUNE,10.91715,10.876999999999999,10.843419999999998,10.815471428571428,10.781735000000001,10.748728571428572,10.711011904761909,10.688373214285715
279,APE/USD:APE,-34.01435,-31.40703333333333,-29.256210000000003,-27.474071428571428,-25.338664999999995,-23.229382142857148,-20.827769047619046,-19.368855357142856
280,KNC/USD:KNC,7.43505,7.55185,7.64602,7.723921428571428,7.816840000000001,7.909028571428572,8.013835714285714,8.077580357142859
281,XMR/USD:XMR,7.22335,7.3231166666666665,7.40731,7.476764285714284,7.559515000000001,7.642057142857143,7.7360880952380935,7.793271428571426
282,GMT/USD:GMT,10.822249999999999,10.662866666666668,10.529520000000002,10.419707142857142,10.28716,10.156907142857142,10.00847380952381,9.918353571428572
283,OP/USD:OP,3.8325,4.034466666666666,4.201879999999999,4.340371428571428,4.5059249999999995,4.669392857142857,4.855369047619046,4.968432142857142
284,ENS/USD:ENS,10.2711,10.2492,10.22949,10.212699999999998,10.192989999999998,10.173592857142857,10.151519047619042,10.137614285714289
285,CHZ/USD:CHZ,0.36865000000000003,0.8273333333333335,1.20523,1.5173571428571428,1.8907,2.260392857142857,2.6810119047619043,2.9365553571428578
286,APT/USD:APT,9.205300000000001,9.31115,9.39656,9.4681,9.553875,9.638346428571431,9.73455,9.79281964285714
